id,ts,category
1,2023-10-09 05:10:55,Beauty Salons
3,2023-10-09 05:17:38,Cosmetologists
4,2023-10-09 05:17:38,Day Spas
5,2023-10-09 05:17:38,Hair Removal
6,2023-10-09 05:17:38,Hair Stylists
7,2023-10-09 05:17:38,Nail Salons
8,2023-10-09 05:17:51,Hair Supplies & Accessories
9,2023-10-09 05:17:51,Barbers
11,2023-10-09 05:17:51,Beauty Supplies & Equipment
12,2023-10-09 05:17:51,Hair Replacement
13,2023-10-09 05:17:51,Wigs & Hair Pieces
20,2023-10-09 05:18:10,Permanent Make-Up
22,2023-10-09 05:18:10,Cosmetic Services
23,2023-10-09 05:18:10,Electrolysis
34,2023-10-09 05:19:18,Beauty Salon Equipment & Supplies
36,2023-10-09 05:19:18,Cosmetics & Perfumes
40,2023-10-09 05:19:36,Skin Care
47,2023-10-09 05:19:51,Wedding Supplies & Services
48,2023-10-09 05:19:51,Tattoos
69,2023-10-09 05:20:11,Health Resorts
70,2023-10-09 05:20:11,Massage Services
71,2023-10-09 05:20:11,Massage Therapists
75,2023-10-09 05:20:11,Tanning Salons
81,2023-10-09 05:20:20,Alternative Medicine & Health Practitioners
85,2023-10-09 05:20:20,Pain Management
88,2023-10-09 05:20:29,Hair Braiding
92,2023-10-09 05:20:29,Hair Weaving
110,2023-10-09 05:22:19,Health Clubs
153,2023-10-09 05:24:22,Make-Up Artists
189,2023-10-09 05:26:06,Aromatherapy
276,2023-10-09 05:27:54,Beauty Salons-Equipment & Supplies-Wholesale & Manufacturers
374,2023-10-09 05:29:58,Health & Wellness Products
384,2023-10-09 05:30:10,"Physicians & Surgeons, Weight Loss Management"
448,2023-10-09 05:30:31,Medical Clinics
639,2023-10-09 05:33:44,Dentists
799,2023-10-09 05:41:12,Physical Therapists
940,2023-10-09 05:44:24,Acupuncture
944,2023-10-09 05:44:24,Health & Fitness Program Consultants
956,2023-10-09 05:44:37,Medical Spas
1920,2023-10-09 06:04:53,Body Wrap Salons
1932,2023-10-09 06:04:55,Weight Control Services
2203,2023-10-09 06:07:43,Scalp Care
2500,2023-10-09 06:11:58,Clinics
2587,2023-10-09 06:13:39,Department Stores
2594,2023-10-09 06:13:39,General Merchandise
2598,2023-10-09 06:13:39,Jewelers
3752,2023-10-09 06:29:11,Reducing & Weight Control
5508,2023-10-09 07:10:03,Reflexologies
8805,2023-10-09 08:17:19,Exercise & Physical Fitness Programs
9699,2023-10-09 08:37:49,Home Health Services
9700,2023-10-09 08:37:49,Real Estate Agents
10820,2023-10-09 08:58:51,Rehabilitation Services
12741,2023-10-09 09:43:14,Theatrical Make-Up
19714,2023-10-09 13:07:21,Restaurants
23921,2023-10-09 14:25:14,Yoga Instruction
31747,2023-10-09 17:22:31,Personal Services & Assistants
41072,2023-10-09 20:25:23,Essential Oils
41567,2023-10-09 20:32:16,Physical Fitness Consultants & Trainers
43461,2023-10-09 21:17:38,Health & Diet Food Products
52372,2023-10-10 00:44:43,Vitamins & Food Supplements
60066,2023-10-10 03:32:26,Hypnotherapy
97987,2023-10-10 17:14:43,Perfume-Wholesale & Manufacturers
134026,2023-10-11 10:54:29,Candles
209355,2023-10-12 21:55:44,"Physicians & Surgeons, Nutrition"
220032,2023-10-13 02:17:52,Homeopathic Practitioners
